question,answer,category,clean_question,clean_answer,clean_text
Hello,👋 Hello! Welcome to FindMate. Tell me what you lost or found and I will guide you.,greeting,hello,hello welcome to findmate tell me what you lost or found and i will guide you,hello hello welcome to findmate tell me what you lost or found and i will guide you
Hi FindMate,"👋 Hi! I can help with lost items, found items, contact office and common places to check.",greeting,hi findmate,hi i can help with lost items found items contact office and common places to check,hi findmate hi i can help with lost items found items contact office and common places to check
I lost my ID card,"📋 Looking for your ID card? Check Student Affairs Office, Library Reception and Security Office. Report it quickly so it can be found faster.",lost_id,i lost my id card,looking for your id card check student affairs office library reception and security office report it quickly so it can be found faster,i lost my id card looking for your id card check student affairs office library reception and security office report it quickly so it can be found faster
My student card is missing,"📋 For a missing student card, visit Student Affairs Office first. Also check Library Reception and Security Office.",lost_id,my student card is missing,for a missing student card visit student affairs office first also check library reception and security office,my student card is missing for a missing student card visit student affairs office first also check library reception and security office
Where should I go for lost ID card,"📋 Please check Student Affairs Office, Library Reception and Security Office for your lost ID card.",lost_id,where should i go for lost id card,please check student affairs office library reception and security office for your lost id card,where should i go for lost id card please check student affairs office library reception and security office for your lost id card
I lost my wallet,"💳 Lost wallet? Check Security Office first, then Student Affairs Office, Cafeteria/Canteen and your last classroom.",lost_wallet,i lost my wallet,lost wallet check security office first then student affairs office cafeteriacanteen and your last classroom,i lost my wallet lost wallet check security office first then student affairs office cafeteriacanteen and your last classroom
My wallet is missing,"💳 If your wallet is missing, report it to Security Office quickly and also check Student Affairs Office.",lost_wallet,my wallet is missing,if your wallet is missing report it to security office quickly and also check student affairs office,my wallet is missing if your wallet is missing report it to security office quickly and also check student affairs office
I lost my charger,"🔌 Lost charger? Check Computer Lab 2, Computer Lab 4, lab staff and the Lost & Found desk.",lost_charger,i lost my charger,lost charger check computer lab 2 computer lab 4 lab staff and the lost found desk,i lost my charger lost charger check computer lab 2 computer lab 4 lab staff and the lost found desk
Where can I find my charger,"🔌 Chargers are commonly left in computer labs. Please check Lab 2, Lab 4 and ask the Lab In-charge.",lost_charger,where can i find my charger,chargers are commonly left in computer labs please check lab 2 lab 4 and ask the lab incharge,where can i find my charger chargers are commonly left in computer labs please check lab 2 lab 4 and ask the lab incharge
I lost my book,"📖 Lost book? Check Library counter, your last classroom and report it at Lost & Found desk.",lost_book,i lost my book,lost book check library counter your last classroom and report it at lost found desk,i lost my book lost book check library counter your last classroom and report it at lost found desk
My notebook is missing,"📖 For a missing notebook, check the classroom, library counter and Student Affairs Office.",lost_book,my notebook is missing,for a missing notebook check the classroom library counter and student affairs office,my notebook is missing for a missing notebook check the classroom library counter and student affairs office
I lost my keys,🔑 Lost keys? Check Security Office and Main Gate desk because keys are usually submitted there.,lost_keys,i lost my keys,lost keys check security office and main gate desk because keys are usually submitted there,i lost my keys lost keys check security office and main gate desk because keys are usually submitted there
My keys are missing,🔑 Please visit Security Office and describe your keychain to help staff identify it quickly.,lost_keys,my keys are missing,please visit security office and describe your keychain to help staff identify it quickly,my keys are missing please visit security office and describe your keychain to help staff identify it quickly
I lost my USB,"💾 Lost USB or pendrive? Check Computer Lab 2, Lab 4, Lab In-charge and Lost & Found desk.",lost_usb,i lost my usb,lost usb or pendrive check computer lab 2 lab 4 lab incharge and lost found desk,i lost my usb lost usb or pendrive check computer lab 2 lab 4 lab incharge and lost found desk
My pendrive is missing,💾 USBs are commonly left near PCs. Please ask the lab staff and check the Lost & Found desk.,lost_usb,my pendrive is missing,usbs are commonly left near pcs please ask the lab staff and check the lost found desk,my pendrive is missing usbs are commonly left near pcs please ask the lab staff and check the lost found desk
I found an ID card,✅ Great! Please submit the found ID card to Student Affairs Office or Library Reception. Do not share personal details publicly.,found_id,i found an id card,great please submit the found id card to student affairs office or library reception do not share personal details publicly,i found an id card great please submit the found id card to student affairs office or library reception do not share personal details publicly
I found a student card,✅ Submit the student card to Student Affairs Office or Library Reception so it can be returned to the owner.,found_id,i found a student card,submit the student card to student affairs office or library reception so it can be returned to the owner,i found a student card submit the student card to student affairs office or library reception so it can be returned to the owner
I found a wallet,✅ Wonderful! Please submit the wallet to Security Office or Student Affairs Office. Do not open it or share personal details.,found_wallet,i found a wallet,wonderful please submit the wallet to security office or student affairs office do not open it or share personal details,i found a wallet wonderful please submit the wallet to security office or student affairs office do not open it or share personal details
Someone left a wallet,✅ Please give the wallet to Security Office or Student Affairs Office. They will contact the owner safely.,found_wallet,someone left a wallet,please give the wallet to security office or student affairs office they will contact the owner safely,someone left a wallet please give the wallet to security office or student affairs office they will contact the owner safely
I found a charger,✅ Good find! Submit the charger to Computer Lab In-charge or Security Office and mention where you found it.,found_charger,i found a charger,good find submit the charger to computer lab incharge or security office and mention where you found it,i found a charger good find submit the charger to computer lab incharge or security office and mention where you found it
I found a book,✅ Nice! Submit the book to Library Counter or Student Affairs Office. Mention the place where it was found.,found_book,i found a book,nice submit the book to library counter or student affairs office mention the place where it was found,i found a book nice submit the book to library counter or student affairs office mention the place where it was found
I found keys,✅ Great! Please submit the keys to Security Office or Main Gate Desk. Describe the keychain if needed.,found_keys,i found keys,great please submit the keys to security office or main gate desk describe the keychain if needed,i found keys great please submit the keys to security office or main gate desk describe the keychain if needed
I found a USB,✅ Excellent! Submit the USB/Pendrive to Computer Lab In-charge or Security Office. Do not open or use it.,found_usb,i found a usb,excellent submit the usbpendrive to computer lab incharge or security office do not open or use it,i found a usb excellent submit the usbpendrive to computer lab incharge or security office do not open or use it
Where is lost and found office,📍 Lost & Found help is available at Student Affairs Office and Security Office.,contact,where is lost and found office,lost found help is available at student affairs office and security office,where is lost and found office lost found help is available at student affairs office and security office
Give me contact details,"☎️ Lost & Found Contact - Superior University Gold Campus\nOffice: Student Affairs Office / Security Office\nAddress: 6 KM, Main Raiwind Road, Lahore\nPhone: 042-38102223\nUAN: 042-111-000-078\nEmail: info@superior.edu.pk",contact,give me contact details,lost found contact superior university gold campusnoffice student affairs office security officenaddress 6 km main raiwind road lahorenphone 04238102223nuan 042111000078nemail infosuperioredupk,give me contact details lost found contact superior university gold campusnoffice student affairs office security officenaddress 6 km main raiwind road lahorenphone 04238102223nuan 042111000078nemail infosuperioredupk
What is the phone number,☎️ Phone: 042-38102223\nUAN: 042-111-000-078,contact,what is the phone number,phone 04238102223nuan 042111000078,what is the phone number phone 04238102223nuan 042111000078
What is the email,📧 Email: info@superior.edu.pk,contact,what is the email,email infosuperioredupk,what is the email email infosuperioredupk
Common locations to check,"🏢 Common places to check are Library Reception, Student Affairs Office, Security Office/Main Gate, Computer Labs, Classrooms and Cafeteria/Canteen.",locations,common locations to check,common places to check are library reception student affairs office security officemain gate computer labs classrooms and cafeteriacanteen,common locations to check common places to check are library reception student affairs office security officemain gate computer labs classrooms and cafeteriacanteen
Where should I check first,"🏢 First check the place where you last used the item, then Security Office, Student Affairs Office, Library and Cafeteria.",locations,where should i check first,first check the place where you last used the item then security office student affairs office library and cafeteria,where should i check first first check the place where you last used the item then security office student affairs office library and cafeteria
What items are mostly lost,"Most commonly lost items are ID Card, USB, Keys, Books, Chargers and Wallet.",info,what items are mostly lost,most commonly lost items are id card usb keys books chargers and wallet,what items are mostly lost most commonly lost items are id card usb keys books chargers and wallet
Safety tip for found items,"🔒 Safety Tip: If you find someone's item, submit it to Security or Student Affairs. Do not share personal details publicly.",safety,safety tip for found items,safety tip if you find someones item submit it to security or student affairs do not share personal details publicly,safety tip for found items safety tip if you find someones item submit it to security or student affairs do not share personal details publicly
Thank you,✅ You're welcome! Feel free to ask anything about lost or found items.,thanks,thank you,youre welcome feel free to ask anything about lost or found items,thank you youre welcome feel free to ask anything about lost or found items
Bye,Goodbye! I hope you find your item soon.,thanks,bye,goodbye i hope you find your item soon,bye goodbye i hope you find your item soon
I found something,✅ Thank you for reporting it. Please submit the found item to Security Office or Student Affairs Office.,found_general,i found something,thank you for reporting it please submit the found item to security office or student affairs office,i found something thank you for reporting it please submit the found item to security office or student affairs office
I lost something,"📍 Please check Student Affairs Office, Security Office and the place where you last remember having it.",lost_general,i lost something,please check student affairs office security office and the place where you last remember having it,i lost something please check student affairs office security office and the place where you last remember having it
